country,avg_solar_share,avg_wind_share
Italy,3.9041333333333332,3.5147333333333335
Spain,2.2370526315789476,11.850736842105265
Luxembourg,2.069551724137931,3.9652758620689657
Germany,1.7826296296296296,5.390666666666667
Greece,1.6276896551724136,3.2833448275862067
Japan,1.5212352941176472,0.3737647058823529
Cyprus,1.4255833333333332,2.8690833333333337
Romania,1.22475,5.566666666666667
Switzerland,1.2080909090909093,0.13345454545454546
Denmark,1.060230769230769,31.31161538461538
